LISTA_SETOR,SUBSETOR,ITEM_CHECKLIST,DESC_EVEREST,EST_MIN,U.M.
BAR,BEBIDAS,AGUA C/ GAS (UNID),AGUA C/ GAS,360,UNID
BAR,BEBIDAS,AGUA S/ GAS (UNID),AGUA S/ GAS,168,UNID
BAR,BEBIDAS,BARRIL CHOPP BRAHMA (LITRO),BARRIL CHOPP BRAHMA,250,LITRO
BAR,BEBIDAS,BARRIL CHOPP ESPECIAL (LITRO),BARRIL CHOPP ESPECIAL,30,LITRO
BAR,BEBIDAS,CAFE NESPRESSO DECAFFEINATO (UNID),CAFE NESPRESSO DECAFFEINATO,50,UNID
BAR,BEBIDAS,CAFE NESPRESSO LEGGERO (UNID),CAFE NESPRESSO LEGGERO,100,UNID
BAR,BEBIDAS,CAFE NESPRESSO RISTRETTO (UNID),CAFE NESPRESSO RISTRETTO,100,UNID
BAR,BEBIDAS,CERV CORONA 600ML (UNID),CERV CORONA 600ML,24,UNID
BAR,BEBIDAS,CERV ORIGINAL 600ML (UNID),CERV ORIGINAL 600ML,36,UNID
BAR,BEBIDAS,CERV PATAGONIA 740ML (UNID),CERV PATAGONIA 740ML,30,UNID
BAR,BEBIDAS,CERV SPATEN 600ML (UNID),CERV SPATEN 600ML,36,UNID
BAR,BEBIDAS,CERV STELLA ARTOIS 600ML (UNID),CERV STELLA ARTOIS 600ML,48,UNID
BAR,BEBIDAS,DEST APEROL (LITRO),DEST APEROL,5.25,LITRO
BAR,BEBIDAS,DEST CACHACA GERMANA (LITRO),DEST CACHACA GERMANA,1,LITRO
BAR,BEBIDAS,DEST CACHACA SAGATIBA PURA (LITRO),DEST CACHACA SAGATIBA PURA,7,LITRO
BAR,BEBIDAS,DEST CACHACA SALINISSIMA OURO (LITRO),DEST CACHACA SALINISSIMA OURO,2.68,LITRO
BAR,BEBIDAS,DEST CACHACA SALINISSIMA PRATA (LITRO),DEST CACHACA SALINISSIMA PRATA,2.68,LITRO
BAR,BEBIDAS,DEST CACHACA VALE VERDE (LITRO),DEST CACHACA VALE VERDE,0.7,LITRO
BAR,BEBIDAS,DEST CAMPARI (LITRO),DEST CAMPARI,1.8,LITRO
BAR,BEBIDAS,DEST COND FOUCAULD BCO BRUT (LITRO),DEST COND FOUCAULD BCO BRUT,9,LITRO
BAR,BEBIDAS,DEST GIN BEEFEATER (LITRO),DEST GIN BEEFEATER,0.75,LITRO
BAR,BEBIDAS,DEST GIN LARIOS (LITRO),DEST GIN LARIOS,9.1,LITRO
BAR,BEBIDAS,DEST LICOR 43 (LITRO),DEST LICOR 43,1.4,LITRO
BAR,BEBIDAS,DEST LICOR BAILEYS (LITRO),DEST LICOR BAILEYS,1.5,LITRO
BAR,BEBIDAS,DEST LICOR STOCK CURACAU (LITRO),DEST LICOR STOCK CURACAU,1.44,LITRO
BAR,BEBIDAS,DEST MARTINI ROSSO (LITRO),DEST MARTINI ROSSO,1.5,LITRO
BAR,BEBIDAS,DEST MONTILA (LITRO),DEST MONTILA,2,LITRO
BAR,BEBIDAS,DEST SAKE AZUMA KIRIN DOURADO (LITRO),DEST SAKE AZUMA KIRIN DOURADO,8.879999999999999,LITRO
BAR,BEBIDAS,DEST SAKE GEKKEIKAN (LITRO),DEST SAKE GEKKEIKAN,3,LITRO
BAR,BEBIDAS,DEST TEQUILA JOSE PRATA (LITRO),DEST TEQUILA JOSE PRATA,1.5,LITRO
BAR,BEBIDAS,DEST VINHO SANGRIA (LITRO),DEST VINHO SANGRIA,5,LITRO
BAR,BEBIDAS,DEST VODKA ABSOLUT (LITRO),DEST VODKA ABSOLUT,3,LITRO
BAR,BEBIDAS,DEST VODKA SMIRNOFF (LITRO),DEST VODKA SMIRNOFF,0.998,LITRO
BAR,BEBIDAS,DEST WHISKY BLACK LABEL (LITRO),DEST WHISKY BLACK LABEL,2,LITRO
BAR,BEBIDAS,DEST WHISKY BUCHANNANS (LITRO),DEST WHISKY BUCHANNANS,2,LITRO
BAR,BEBIDAS,DEST WHISKY CHIVAS REGAL (LITRO),DEST WHISKY CHIVAS REGAL,2,LITRO
BAR,BEBIDAS,DEST WHISKY GOLD LABEL (LITRO),DEST WHISKY GOLD LABEL,1.5,LITRO
BAR,BEBIDAS,DEST WHISKY JIM BEAM BOURBON (LITRO),DEST WHISKY JIM BEAM BOURBON,2,LITRO
BAR,BEBIDAS,DEST WHISKY OLD PAR 12 ANOS (LITRO),DEST WHISKY OLD PAR 12 ANOS,2,LITRO
BAR,BEBIDAS,DEST WHISKY RED LABEL (LITRO),DEST WHISKY RED LABEL,2,LITRO
BAR,BEBIDAS,LONGNECK CORONA (UNID),LONGNECK CORONA,48,UNID
BAR,BEBIDAS,LONGNECK CORONA ZERO (UNID),LONGNECK CORONA ZERO,48,UNID
BAR,BEBIDAS,LONGNECK MICHELOB (UNID),LONGNECK MICHELOB,72,UNID
BAR,BEBIDAS,LONGNECK QUILMES (UNID),LONGNECK QUILMES,48,UNID
BAR,BEBIDAS,LONGNECK SPATEN (UNID),LONGNECK SPATEN,48,UNID
BAR,BEBIDAS,LONGNECK STELLA ARTOIS (UNID),LONGNECK STELLA ARTOIS,48,UNID
BAR,BEBIDAS,LONGNECK STELLA PURE GOLD (UNID),LONGNECK STELLA PURE GOLD,48,UNID
BAR,BEBIDAS,MP AGUA CACHOEIRINHA (LITRO),MP AGUA CACHOEIRINHA,37.8,LITRO
BAR,BEBIDAS,MP CHA MATTE (UNID),MP CHA MATTE,6,UNID
BAR,BEBIDAS,MP CHA VERDE (UNID),MP CHA VERDE,1,UNID
BAR,BEBIDAS,MP SUCO DE UVA (LITRO),MP SUCO DE UVA,16.799999999999997,LITRO
BAR,BEBIDAS,MP XAROPE COCO (LITRO),MP XAROPE COCO,2.0999999999999996,LITRO
BAR,BEBIDAS,MP XAROPE DE CRANBERRY (LITRO),MP XAROPE DE CRANBERRY,8.399999999999999,LITRO
BAR,BEBIDAS,MP XAROPE DE ELDERFLOWER (LITRO),MP XAROPE DE ELDERFLOWER,1.4,LITRO
BAR,BEBIDAS,MP XAROPE DE GRENADINE (LITRO),MP XAROPE DE GRENADINE,8.399999999999999,LITRO
BAR,BEBIDAS,MP XAROPE DE MACA VERDE (LITRO),MP XAROPE DE MACA VERDE,2.0999999999999996,LITRO
BAR,BEBIDAS,REF AGUA TONICA (UNID),REF AGUA TONICA,48,UNID
BAR,BEBIDAS,REF AGUA TONICA DIET (UNID),REF AGUA TONICA DIET,48,UNID
BAR,BEBIDAS,REF COCA COLA (UNID),REF COCA COLA,255,UNID
BAR,BEBIDAS,REF COCA COLA ZERO (UNID),REF COCA COLA ZERO,516,UNID
BAR,BEBIDAS,REF GUARANA (UNID),REF GUARANA,108,UNID
BAR,BEBIDAS,REF GUARANA ZERO (UNID),REF GUARANA ZERO,120,UNID
BAR,BEBIDAS,REF H2OH LIMAO (UNID),REF H2OH LIMAO,60,UNID
BAR,BEBIDAS,REF PEPSI BLACK (UNID),REF PEPSI BLACK,96,UNID
BAR,CONGELADA,MP AMORA CONGELADA (KG),MP AMORA CONGELADA,5,KG
BAR,CONGELADA,MP MORANGO CONGELADO (KG),MP MORANGO CONGELADO,9,KG
BAR,MATERIAIS DE PRIMEIRO USO,APV BOLACHA DE CHOPP (UNID),APV BOLACHA DE CHOPP,100,UNID
BAR,MATERIAIS DE PRIMEIRO USO,APV CANUDO FINO CAIXA (CAIXA),APV CANUDO FINO CAIXA,1,UNID
BAR,MATERIAIS DE PRIMEIRO USO,APV CANUDO GROSSO BIO CAIXA (UNID),APV CANUDO GROSSO BIO CAIXA,1,UNID
BAR,MATERIAIS DE PRIMEIRO USO,APV CAPSULA DE GAS CAIXA (UNID),APV CAPSULA DE GAS CAIXA,3,UNID
BAR,MATERIAIS DE PRIMEIRO USO,APV CILINDRO GAS CHOPP (UNID),APV CILINDRO GAS CHOPP,2,UNID
BAR,MATERIAIS DE PRIMEIRO USO,APV MEXEDOR DE CAFE PACOTE (UNID),APV MEXEDOR DE CAFE PACOTE,1,UNID
BAR,MATERIAIS DE PRIMEIRO USO,EMB GARRAFA DELIVERY (UNID),EMB GARRAFA DELIVERY,100,UNID
BAR,REFRIGERADA,PROD PETIT FOUR (UNID),PROD PETIT FOUR,300,UNID
BAR,SECOS,MP ACUCAR CRISTAL (KG),MP ACUCAR CRISTAL,30,KG
BAR,SECOS,MP CRAVO (KG),MP CRAVO,0.2,KG
BAR,SECOS,MP EMULSIFICANTE (KG),MP EMULSIFICANTE,1,KG
BAR,SECOS,MP HIBISCO DESIDRATADO (KG),MP HIBISCO DESIDRATADO,1,KG
BAR,SECOS,MP LEITE DE COCO (LITRO),MP LEITE DE COCO,2,LITRO
BAR,SECOS,MP PIMENTA ROSA (KG),MP PIMENTA ROSA,0.25,KG
BAR,BEBIDAS,REF PEPSI TRADICIONAL (UNID),REF PEPSI TRADICIONAL,72,UNID
BAR,BEBIDAS,REF REDBULL MELANCIA (UNID),REF REDBULL MELANCIA,12,UNID
BAR,BEBIDAS,REF REDBULL SUGAR FREE (UNID),REF REDBULL SUGAR FREE,12,UNID
BAR,BEBIDAS,REF REDBULL TRADICIONAL (UNID),REF REDBULL TRADICIONAL,24,UNID
BAR,BEBIDAS,REF REDBULL TROPICAL (UNID),REF REDBULL TROPICAL,24,UNID
CARNES,CONGELADA,PO ANCHO 250G (UNID),PO ANCHO 250G,100,UNID
CARNES,CONGELADA,PO ASSADO DE TIRAS KG (KG),PO ASSADO DE TIRAS KG,4,KG
CARNES,CONGELADA,PO BOMBOM 250G (UNID),PO BOMBOM 250G,300,UNID
CARNES,CONGELADA,PO CHORIZO 250G (UNID),PO CHORIZO 250G,200,UNID
CARNES,CONGELADA,PO FILE 200G (UNID),PO FILE 200G,158,UNID
CARNES,CONGELADA,PO FLAT IRON 300G (UNID),PO FLAT IRON 300G,27,UNID
CARNES,CONGELADA,PO FRALDINHA 300G (UNID),PO FRALDINHA 300G,14,UNID
CARNES,CONGELADA,PO GALETO 400G (UNID),PO GALETO 400G,41,UNID
CARNES,CONGELADA,PO HAMBURGUER 150G (UNID),PO HAMBURGUER 150G,198,UNID
CARNES,CONGELADA,PO LINGUICA ARGENTINA (UNID),PO LINGUICA ARGENTINA,36,UNID
CARNES,CONGELADA,PO LINGUICA CAMINITO (UNID),PO LINGUICA CAMINITO,18,UNID
CARNES,CONGELADA,PO LINGUICA CERVEJA IPA (UNID),PO LINGUICA CERVEJA IPA,23,UNID
CARNES,CONGELADA,PO LINGUICA FORMIGA (UNID),PO LINGUICA FORMIGA,20,UNID
CARNES,CONGELADA,PO PEITO DE FRANGO 200G (UNID),PO PEITO DE FRANGO 200G,63,UNID
CARNES,CONGELADA,PO PRIME RIB KG (KG),PO PRIME RIB KG,5,KG
CARNES,CONGELADA,PO SALMAO 200G (UNID),PO SALMAO 200G,54,UNID
CARNES,CONGELADA,PROD COSTELINHA BBQ 300G (UNID),PROD COSTELINHA BBQ 300G,10,UNID
CARNES,CONGELADA,PROD COSTELINHA BBQ 600G (UNID),PROD COSTELINHA BBQ 600G,10,UNID
COZINHA,CONGELADA,FUNCIONARIO PAO (UNID),FUNCIONARIO PAO,20,UNID
COZINHA,CONGELADA,MP BACON CUBOS (KG),MP BACON CUBOS,26,KG
COZINHA,CONGELADA,MP BATATA CARINHAS (KG),MP BATATA CARINHAS,10.5,KG
COZINHA,CONGELADA,MP BATATA FRITA CONGELADA 7MM (KG),MP BATATA FRITA CONGELADA 7MM,72,KG
COZINHA,CONGELADA,MP BROCOLIS CONGELADO (KG),MP BROCOLIS CONGELADO,2,KG
COZINHA,CONGELADA,MP CAMARAO S/ CASCA 111/200 (KG),MP CAMARAO S/ CASCA 111/200,3,KG
COZINHA,CONGELADA,MP CAMARAO S/ CASCA 51/60 (KG),MP CAMARAO S/ CASCA 51/60,12,KG
COZINHA,CONGELADA,MP EMPANADA DE CARNE SUAVE (UNID),MP EMPANADA DE CARNE SUAVE,60,UNID
COZINHA,CONGELADA,MP ERVILHA CONGELADA (KG),MP ERVILHA CONGELADA,2,KG
COZINHA,CONGELADA,MP GUIOZA (UNID),MP GUIOZA,300,UNID
COZINHA,CONGELADA,MP KANIKAMA (KG),MP KANIKAMA,13,KG
COZINHA,CONGELADA,MP MASSA HARUMAKI PACOTE (UNID),MP MASSA HARUMAKI PACOTE,7,UNID
COZINHA,CONGELADA,MP PAO TORRADA (UNID),MP PAO TORRADA,30,UNID
COZINHA,CONGELADA,MP SORVETE DE BAUNILHA (LITRO),MP SORVETE DE BAUNILHA,20,LITRO
COZINHA,CONGELADA,PO CARNE PICADA 100G (UNID),PO CARNE PICADA 100G,99,UNID
COZINHA,CONGELADA,PROD ATUM POKE (KG),PROD ATUM POKE,0,KG
COZINHA,CONGELADA,PROD BRIGADEIRO CHOCOLATE (KG),PROD BRIGADEIRO CHOCOLATE,8,KG
COZINHA,CONGELADA,PROD BRIGADEIRO LEITE NINHO (KG),PROD BRIGADEIRO LEITE NINHO,5,KG
COZINHA,CONGELADA,PROD BRIGADEIRO PACOCA (KG),PROD BRIGADEIRO PACOCA,5,KG
COZINHA,CONGELADA,PROD BRISKET (KG),PROD BRISKET,6.800000000000001,KG
COZINHA,CONGELADA,PROD BROCOLIS PICADO (KG),PROD BROCOLIS PICADO,7,KG
COZINHA,CONGELADA,PROD BROWNIE (UNID),PROD BROWNIE,21,UNID
COZINHA,CONGELADA,PROD CALDA DE BRIGADEIRO (KG),PROD CALDA DE BRIGADEIRO,5,KG
COZINHA,CONGELADA,PROD CALDO DE LEGUMES (KG),PROD CALDO DE LEGUMES,5,KG
COZINHA,CONGELADA,PROD CAMARAO EBI FURAY (KG),PROD CAMARAO EBI FURAY,13,KG
COZINHA,CONGELADA,PROD CAMARAO EBI KING (UNID),PROD CAMARAO EBI KING,360,UNID
COZINHA,CONGELADA,PROD CARPACCIO (UNID),PROD CARPACCIO,10,UNID
COZINHA,CONGELADA,PROD CHURROS (UNID),PROD CHURROS,200,UNID
COZINHA,CONGELADA,PROD COXINHA DE CUPIM (UNID),PROD COXINHA DE CUPIM,140,UNID
COZINHA,CONGELADA,PROD CREME DE QUEIJO (KG),PROD CREME DE QUEIJO,13,KG
COZINHA,CONGELADA,PROD CROQUETE SUINO (UNID),PROD CROQUETE SUINO,104,UNID
COZINHA,CONGELADA,PROD FAROFA BROWNIE (KG),PROD FAROFA BROWNIE,3,KG
COZINHA,CONGELADA,PROD FRANGO DEFUMADO (UNID),PROD FRANGO DEFUMADO,12,UNID
COZINHA,CONGELADA,PROD FRANGO PICADO 100G (UNID),PROD FRANGO PICADO 100G,67,UNID
COZINHA,CONGELADA,PROD FRANGO SALAD 200G (UNID),PROD FRANGO SALAD 200G,6,UNID
COZINHA,CONGELADA,PROD GELEIA DE ABACAXI (KG),PROD GELEIA DE ABACAXI,3.5,KG
COZINHA,CONGELADA,PROD HARUMAKI CAMARAO (UNID),PROD HARUMAKI CAMARAO,240,UNID
COZINHA,CONGELADA,PROD HARUMAKI DOCE DE LEITE (UNID),PROD HARUMAKI DOCE DE LEITE,285,UNID
COZINHA,CONGELADA,PROD HARUMAKI QUEIJO BRIE (UNID),PROD HARUMAKI QUEIJO BRIE,285,UNID
COZINHA,CONGELADA,PROD LINGUICINHA DEFUMADA (KG),PROD LINGUICINHA DEFUMADA,13,KG
COZINHA,CONGELADA,PROD MINI CAKE (UNID),PROD MINI CAKE,280,UNID
COZINHA,CONGELADA,PROD MIX DE FRUTOS DO MAR (KG),PROD MIX DE FRUTOS DO MAR,8,KG
COZINHA,CONGELADA,PROD MOLHO 3 MOSTARDAS (KG),PROD MOLHO 3 MOSTARDAS,5.6,KG
COZINHA,CONGELADA,PROD MOLHO CAESAR (KG),PROD MOLHO CAESAR,6.3,KG
COZINHA,CONGELADA,PROD MOLHO CAMINITO SALADA (KG),PROD MOLHO CAMINITO SALADA,6.3,KG
COZINHA,CONGELADA,PROD MOLHO DE TOMATE RUSTICO (KG),PROD MOLHO DE TOMATE RUSTICO,40,KG
COZINHA,CONGELADA,PROD MOLHO DEMI GLACE COM MOSTARDA (KG),PROD MOLHO DEMI GLACE COM MOSTARDA,20,KG
COZINHA,CONGELADA,PROD MOLHO GYOZA (KG),PROD MOLHO GYOZA,3,KG
COZINHA,CONGELADA,PROD MOLHO JULIENNE (KG),PROD MOLHO JULIENNE,12.6,KG
COZINHA,CONGELADA,PROD MOLHO SHIMEJI (KG),PROD MOLHO SHIMEJI,13,KG
COZINHA,CONGELADA,PROD OSSOBUCO (KG),PROD OSSOBUCO,9,KG
COZINHA,CONGELADA,PROD PAO DE ALHO (UNID),PROD PAO DE ALHO,40,UNID
COZINHA,CONGELADA,PROD PAO DE LINGUICA (UNID),PROD PAO DE LINGUICA,20,UNID
COZINHA,CONGELADA,PROD PARMEGIANA (UNID),PROD PARMEGIANA,156,UNID
COZINHA,CONGELADA,PROD PARMEGIANA DE FRANGO (UNID),PROD PARMEGIANA DE FRANGO,96,UNID
COZINHA,CONGELADA,PROD PARMESAO RALADO (KG),PROD PARMESAO RALADO,11,KG
COZINHA,CONGELADA,PROD PASTEL DE PASTRAMI (UNID),PROD PASTEL DE PASTRAMI,60,UNID
COZINHA,CONGELADA,PROD PEITO PERU CORTADO (KG),PROD PEITO PERU CORTADO,4,KG
COZINHA,CONGELADA,PROD QUEIJO MUSSARELA FATIADA (KG),PROD QUEIJO MUSSARELA FATIADA,3.6,KG
COZINHA,CONGELADA,PROD ROBATA DE BROCOLIS (UNID),PROD ROBATA DE BROCOLIS,20,UNID
COZINHA,CONGELADA,PROD ROBATA DE CARNE E BACON (UNID),PROD ROBATA DE CARNE E BACON,50,UNID
COZINHA,CONGELADA,PROD ROBATA DE FRANGO (UNID),PROD ROBATA DE FRANGO,25,UNID
COZINHA,CONGELADA,PROD SALMAO POKE (KG),PROD SALMAO POKE,0,KG
COZINHA,CONGELADA,PROD SOBRECOXA MARINADA (UNID),PROD SOBRECOXA MARINADA,100,UNID
COZINHA,CONGELADA,PROD TILAPIA POKE (KG),PROD TILAPIA POKE,0,KG
COZINHA,REFRIGERADA,COG PARIS (KG),COG PARIS,1,KG
COZINHA,REFRIGERADA,COG PORTOBELO (KG),COG PORTOBELO,1,KG
COZINHA,REFRIGERADA,COG SHIMEJI (KG),COG SHIMEJI,30,KG
COZINHA,REFRIGERADA,MP CREAM CHEESE (KG),MP CREAM CHEESE,30,KG
COZINHA,REFRIGERADA,MP CREME DE LEITE FRESCO (KG),MP CREME DE LEITE FRESCO,1,KG
COZINHA,REFRIGERADA,MP MANTEIGA SEM SAL (KG),MP MANTEIGA SEM SAL,10,KG
COZINHA,REFRIGERADA,MP QUEIJO BURRATA (UNID),MP QUEIJO BURRATA,13,UNID
COZINHA,REFRIGERADA,MP QUEIJO MINAS PADRAO (KG),MP QUEIJO MINAS PADRAO,4,KG
COZINHA,REFRIGERADA,MP QUEIJO RICOTA (KG),MP QUEIJO RICOTA,1,KG
COZINHA,REFRIGERADA,PROD LEGUMES YAKISSOBA (UNID),PROD LEGUMES YAKISSOBA,40,UNID
COZINHA,REFRIGERADA,PROD MAIONESE COM PICLES (KG),PROD MAIONESE COM PICLES,7,KG
COZINHA,REFRIGERADA,PROD MAIONESE TABASCO (KG),PROD MAIONESE TABASCO,6.3,KG
COZINHA,REFRIGERADA,PROD MOLHO DOMBURI YAKISSOBA (KG),PROD MOLHO DOMBURI YAKISSOBA,10,KG
COZINHA,REFRIGERADA,PROD MOLHO SU (KG),PROD MOLHO SU,15,KG
COZINHA,REFRIGERADA,PROD PANQUECA (UNID),PROD PANQUECA,120,UNID
COZINHA,REFRIGERADA,PROD PETIT GATEAU MINI (UNID),PROD PETIT GATEAU MINI,120,UNID
COZINHA,REFRIGERADA,PROD PICLES CEBOLA (KG),PROD PICLES CEBOLA,7,KG
COZINHA,REFRIGERADA,PROD PUDIM DOCE DE LEITE (UNID),PROD PUDIM DOCE DE LEITE,34,UNID
COZINHA,REFRIGERADA,PROD PURE DE DUAS BATATAS (KG),PROD PURE DE DUAS BATATAS,14,KG
COZINHA,REFRIGERADA,PROD SUNOMONO (KG),PROD SUNOMONO,16.8,KG
COZINHA,SECOS,MP SAL ROSA GROSSO (KG),MP SAL ROSA GROSSO,10,KG
DELIVERY,MATERIAIS DE PRIMEIRO USO,APV BOBINA TERMICA CAIXA (UNID),APV BOBINA TERMICA CAIXA,1,UNID
DELIVERY,MATERIAIS DE PRIMEIRO USO,APV CLIP HASHI PACOTE (UNID),APV CLIP HASHI PACOTE,1,UNID
DELIVERY,MATERIAIS DE PRIMEIRO USO,APV COPACK TAG PARRILLA 100UND (UNID),APV COPACK TAG PARRILLA 100UND,1,UNID
DELIVERY,MATERIAIS DE PRIMEIRO USO,APV COPO DESCARTAVEL PACOTE (UNID),APV COPO DESCARTAVEL PACOTE,2,UNID
DELIVERY,MATERIAIS DE PRIMEIRO USO,APV ETIQUETA SUFLEX (UNID),APV ETIQUETA SUFLEX,2,UNID
DELIVERY,MATERIAIS DE PRIMEIRO USO,APV FILME PVC (UNID),APV FILME PVC,2,UNID
DELIVERY,MATERIAIS DE PRIMEIRO USO,APV HASHI CAIXA (UNID),APV HASHI CAIXA,1,UNID
DELIVERY,MATERIAIS DE PRIMEIRO USO,APV LACRE DE SEGURANCA (UNID),APV LACRE DE SEGURANCA,1,UNID
DELIVERY,MATERIAIS DE PRIMEIRO USO,APV PARAFINA KG (KG),APV PARAFINA KG,1,KG
DELIVERY,MATERIAIS DE PRIMEIRO USO,APV PAVIO PACOTE (UNID),APV PAVIO PACOTE,1,UNID
DELIVERY,MATERIAIS DE PRIMEIRO USO,APV PIMENTA MENDES UND (UNID),APV PIMENTA MENDES UND,5,UNID
DELIVERY,MATERIAIS DE PRIMEIRO USO,APV RIBBON SUFLEX (UNID),APV RIBBON SUFLEX,1,UNID
DELIVERY,MATERIAIS DE PRIMEIRO USO,APV VELA ANIVERSARIO PACOTE (UNID),APV VELA ANIVERSARIO PACOTE,2,UNID
DELIVERY,MATERIAIS DE PRIMEIRO USO,EMB ALUMINIO 250ML (UNID),EMB ALUMINIO 250ML,120,UNID
DELIVERY,MATERIAIS DE PRIMEIRO USO,EMB COPACK CHORIPAN (UNID),EMB COPACK CHORIPAN,120,UNID
DELIVERY,MATERIAIS DE PRIMEIRO USO,EMB COPACK DOMBURI (UNID),EMB COPACK DOMBURI,500,UNID
DELIVERY,MATERIAIS DE PRIMEIRO USO,EMB COPACK EXECUTIVO (UNID),EMB COPACK EXECUTIVO,500,UNID
DELIVERY,MATERIAIS DE PRIMEIRO USO,EMB COPACK FAMILIA 500ML (UNID),EMB COPACK FAMILIA 500ML,500,UNID
DELIVERY,MATERIAIS DE PRIMEIRO USO,EMB COPACK HAMBURGUER (UNID),EMB COPACK HAMBURGUER,500,UNID
DELIVERY,MATERIAIS DE PRIMEIRO USO,EMB COPACK NAZO G (UNID),EMB COPACK NAZO G,100,UNID
DELIVERY,MATERIAIS DE PRIMEIRO USO,EMB COPACK NAZO M (UNID),EMB COPACK NAZO M,120,UNID
DELIVERY,MATERIAIS DE PRIMEIRO USO,EMB COPACK NAZO P (UNID),EMB COPACK NAZO P,300,UNID
DELIVERY,MATERIAIS DE PRIMEIRO USO,EMB COPACK TOTTI (UNID),EMB COPACK TOTTI,250,UNID
DELIVERY,MATERIAIS DE PRIMEIRO USO,EMB GALVANOTEK COPO 60ML (UNID),EMB GALVANOTEK COPO 60ML,700,UNID
DELIVERY,MATERIAIS DE PRIMEIRO USO,EMB KIT GARFO (UNID),EMB KIT GARFO,200,UNID
DELIVERY,MATERIAIS DE PRIMEIRO USO,EMB P/ BATATA FRITA (UNID),EMB P/ BATATA FRITA,400,UNID
DELIVERY,MATERIAIS DE PRIMEIRO USO,EMB P/ VIAGEM (UNID),EMB P/ VIAGEM,200,UNID
DELIVERY,MATERIAIS DE PRIMEIRO USO,EMB SACO KRAFT (UNID),EMB SACO KRAFT,800,UNID
DELIVERY,MATERIAIS DE PRIMEIRO USO,EMB SACO KRAFT PEQUENO (UNID),EMB SACO KRAFT PEQUENO,600,UNID
DELIVERY,MATERIAIS DE PRIMEIRO USO,EMB SALADA 1000ML TRANSPARENTE (UNID),EMB SALADA 1000ML TRANSPARENTE,200,UNID
DELIVERY,MATERIAIS DE PRIMEIRO USO,EMB SALADA 500ML TRANSPARENTE (UNID),EMB SALADA 500ML TRANSPARENTE,240,UNID
DELIVERY,SECOS,MP BARCA SHOYU (UNID),MP BARCA SHOYU,300,UNID
DELIVERY,SECOS,MP BARCA TARE (UNID),MP BARCA TARE,120,UNID
DELIVERY,SECOS,MP MOLHO TARE (LITRO),MP MOLHO TARE,5,LITRO
DELIVERY,SECOS,MP SACHE ACUCAR CAIXA (UNID),MP SACHE ACUCAR CAIXA,1,UNID
DELIVERY,SECOS,MP SACHE ADOCANTE CAIXA (UNID),MP SACHE ADOCANTE CAIXA,1,UNID
DELIVERY,SECOS,MP SACHE KETCHUP CAIXA (UNID),MP SACHE KETCHUP CAIXA,1,UNID
DELIVERY,SECOS,MP SACHE MOSTARDA CAIXA (UNID),MP SACHE MOSTARDA CAIXA,1,UNID
DELIVERY,SECOS,MP SACHE PALITO CAIXA (UNID),MP SACHE PALITO CAIXA,1,UNID
DELIVERY,SECOS,MP SACHE SAL CAIXA (UNID),MP SACHE SAL CAIXA,1,UNID
DELIVERY,SECOS,MP SACHE WASABI PACOTE (UNID),MP SACHE WASABI PACOTE,1,UNID
HORTIFRUTI,HORTIFRUTI,HORT ABACATE KG (KG),HORT ABACATE KG,13,KG
HORTIFRUTI,HORTIFRUTI,HORT ABACAXI (UNID),HORT ABACAXI,41,UNID
HORTIFRUTI,HORTIFRUTI,HORT ABOBORA CABOTIA KG (KG),HORT ABOBORA CABOTIA KG,40,KG
HORTIFRUTI,HORTIFRUTI,HORT ABOBRINHA KG (KG),HORT ABOBRINHA KG,16,KG
HORTIFRUTI,HORTIFRUTI,HORT ACELGA MACO (UNID),HORT ACELGA MACO,3,UNID
HORTIFRUTI,HORTIFRUTI,HORT ALECRIM MACO (UNID),HORT ALECRIM MACO,3,UNID
HORTIFRUTI,HORTIFRUTI,HORT ALHO DESCASCADO KG (KG),HORT ALHO DESCASCADO KG,4,KG
HORTIFRUTI,HORTIFRUTI,HORT ALHO PORO MACO (UNID),HORT ALHO PORO MACO,36,UNID
HORTIFRUTI,HORTIFRUTI,HORT BANANA NANICA KG (KG),HORT BANANA NANICA KG,14,KG
HORTIFRUTI,HORTIFRUTI,HORT BATATA BOLINHA KG (KG),HORT BATATA BOLINHA KG,14,KG
HORTIFRUTI,HORTIFRUTI,HORT BATATA DOCE KG (KG),HORT BATATA DOCE KG,9,KG
HORTIFRUTI,HORTIFRUTI,HORT BATATA INGLESA KG (KG),HORT BATATA INGLESA KG,17,KG
HORTIFRUTI,HORTIFRUTI,HORT BERINGELA KG (KG),HORT BERINGELA KG,16,KG
HORTIFRUTI,HORTIFRUTI,HORT BETERRABA KG (KG),HORT BETERRABA KG,3,KG
HORTIFRUTI,HORTIFRUTI,HORT BROTO DE FEIJAO KG (KG),HORT BROTO DE FEIJAO KG,5,KG
HORTIFRUTI,HORTIFRUTI,HORT CEBOLA BRANCA KG (KG),HORT CEBOLA BRANCA KG,20,KG
HORTIFRUTI,HORTIFRUTI,HORT CEBOLA ROXA KG (KG),HORT CEBOLA ROXA KG,12,KG
HORTIFRUTI,HORTIFRUTI,HORT CEBOLETE MACO (UNID),HORT CEBOLETE MACO,14,UNID
HORTIFRUTI,HORTIFRUTI,HORT CEBOLINHA MACO (UNID),HORT CEBOLINHA MACO,27,UNID
HORTIFRUTI,HORTIFRUTI,HORT CENOURA KG (KG),HORT CENOURA KG,27,KG
HORTIFRUTI,HORTIFRUTI,HORT CHUCHU KG (KG),HORT CHUCHU KG,10,KG
HORTIFRUTI,HORTIFRUTI,HORT COENTRO MACO (UNID),HORT COENTRO MACO,4,UNID
HORTIFRUTI,HORTIFRUTI,HORT COUVE FLOR UNIDADE (UNID),HORT COUVE FLOR UNIDADE,4,UNID
HORTIFRUTI,HORTIFRUTI,HORT COUVE MACO (UNID),HORT COUVE MACO,5,UNID
HORTIFRUTI,HORTIFRUTI,HORT FLOR COMESTIVEL BANDEJA (UNID),HORT FLOR COMESTIVEL BANDEJA,14,UNID
HORTIFRUTI,HORTIFRUTI,HORT GENGIBRE KG (KG),HORT GENGIBRE KG,6,KG
HORTIFRUTI,HORTIFRUTI,HORT HORTELA MACO (UNID),HORT HORTELA MACO,5,UNID
HORTIFRUTI,HORTIFRUTI,HORT LARANJA BAHIA KG (KG),HORT LARANJA BAHIA KG,3,KG
HORTIFRUTI,HORTIFRUTI,HORT LARANJA KG (KG),HORT LARANJA KG,120,KG
HORTIFRUTI,HORTIFRUTI,HORT LIMAO SICILIANO KG (KG),HORT LIMAO SICILIANO KG,8,KG
HORTIFRUTI,HORTIFRUTI,HORT LIMAO TAHITI KG (KG),HORT LIMAO TAHITI KG,120,KG
HORTIFRUTI,HORTIFRUTI,HORT MACA VERDE KG (KG),HORT MACA VERDE KG,2,KG
HORTIFRUTI,HORTIFRUTI,HORT MANDIOCA DESCASCADA (KG),HORT MANDIOCA DESCASCADA,14,KG
HORTIFRUTI,HORTIFRUTI,HORT MANGA KG (KG),HORT MANGA KG,7,KG
HORTIFRUTI,HORTIFRUTI,HORT MANJERICAO MACO (UNID),HORT MANJERICAO MACO,2,UNID
HORTIFRUTI,HORTIFRUTI,HORT MARACUJA KG (KG),HORT MARACUJA KG,32,KG
HORTIFRUTI,HORTIFRUTI,HORT MELANCIA KG (KG),HORT MELANCIA KG,29,KG
HORTIFRUTI,HORTIFRUTI,HORT MILHO VERDE KG (KG),HORT MILHO VERDE KG,10,KG
HORTIFRUTI,HORTIFRUTI,HORT MORANGO BANDEJA (UNID),HORT MORANGO BANDEJA,60,UNID
HORTIFRUTI,HORTIFRUTI,HORT NABO UNIDADE (UNID),HORT NABO UNIDADE,5,UNID
HORTIFRUTI,HORTIFRUTI,HORT PEPINO JAPONES KG (KG),HORT PEPINO JAPONES KG,5,KG
HORTIFRUTI,HORTIFRUTI,HORT PIMENTA DEDO DE MOCA KG (KG),HORT PIMENTA DEDO DE MOCA KG,3,KG
HORTIFRUTI,HORTIFRUTI,HORT PIMENTAO AMARELO KG (KG),HORT PIMENTAO AMARELO KG,4,KG
HORTIFRUTI,HORTIFRUTI,HORT PIMENTAO VERMELHO KG (KG),HORT PIMENTAO VERMELHO KG,4,KG
HORTIFRUTI,HORTIFRUTI,HORT REPOLHO ROXO KG (KG),HORT REPOLHO ROXO KG,3,KG
HORTIFRUTI,HORTIFRUTI,HORT RUCULA MACO (UNID),HORT RUCULA MACO,7,UNID
HORTIFRUTI,HORTIFRUTI,HORT SALSA CRESPA MACO (UNID),HORT SALSA CRESPA MACO,5,UNID
HORTIFRUTI,HORTIFRUTI,HORT SALSA MACO (UNID),HORT SALSA MACO,26,UNID
HORTIFRUTI,HORTIFRUTI,HORT SALVIA MACO (UNID),HORT SALVIA MACO,14,UNID
HORTIFRUTI,HORTIFRUTI,HORT TOMATE CEREJA KG (KG),HORT TOMATE CEREJA KG,26,KG
HORTIFRUTI,HORTIFRUTI,HORT TOMATE KG (KG),HORT TOMATE KG,26,KG
HORTIFRUTI,HORTIFRUTI,HORT TOMILHO MACO (UNID),HORT TOMILHO MACO,13,UNID
HORTIFRUTI,HORTIFRUTI,HORT UVA KG (KG),HORT UVA KG,5,KG
LIMPEZA,MATERIAIS DE PRIMEIRO USO,LIMP AGUA SANITARIA CAIXA/12 (UNID),LIMP AGUA SANITARIA CAIXA/12,1,UNID
LIMPEZA,MATERIAIS DE PRIMEIRO USO,LIMP ALCOOL GEL 5L (UNID),LIMP ALCOOL GEL 5L,1,UNID
LIMPEZA,MATERIAIS DE PRIMEIRO USO,LIMP CITRONELA 1L (UNID),LIMP CITRONELA 1L,2,UNID
LIMPEZA,MATERIAIS DE PRIMEIRO USO,LIMP DESINCRUSTANTE G-105 5L (UNID),LIMP DESINCRUSTANTE G-105 5L,1,UNID
LIMPEZA,MATERIAIS DE PRIMEIRO USO,LIMP DESINFETANTE 2L (UNID),LIMP DESINFETANTE 2L,4,UNID
LIMPEZA,MATERIAIS DE PRIMEIRO USO,LIMP DESINFETANTE G-117 5L (UNID),LIMP DESINFETANTE G-117 5L,1,UNID
LIMPEZA,MATERIAIS DE PRIMEIRO USO,LIMP DETERGENTE CLORADO TD-CL 5L (UNID),LIMP DETERGENTE CLORADO TD-CL 5L,1,UNID
LIMPEZA,MATERIAIS DE PRIMEIRO USO,LIMP DETERGENTE CONCENTRADO TD-NC 5L (UNID),LIMP DETERGENTE CONCENTRADO TD-NC 5L,1,UNID
LIMPEZA,MATERIAIS DE PRIMEIRO USO,LIMP DETERGENTE MAQUINA 20L (UNID),LIMP DETERGENTE MAQUINA 20L,1,UNID
LIMPEZA,MATERIAIS DE PRIMEIRO USO,LIMP DETERGENTE NEUTRO CAIXA/24 (UNID),LIMP DETERGENTE NEUTRO CAIXA/24,1,UNID
LIMPEZA,MATERIAIS DE PRIMEIRO USO,LIMP ESCOVA DE ACO (UNID),LIMP ESCOVA DE ACO,2,UNID
LIMPEZA,MATERIAIS DE PRIMEIRO USO,LIMP ESPONJA DUPLA FACE PCT/10 (UNID),LIMP ESPONJA DUPLA FACE PCT/10,2,UNID
LIMPEZA,MATERIAIS DE PRIMEIRO USO,LIMP FIBRACO PACOTE (UNID),LIMP FIBRACO PACOTE,1,UNID
LIMPEZA,MATERIAIS DE PRIMEIRO USO,LIMP GUARDANAPO CAIXA (UNID),LIMP GUARDANAPO CAIXA,4,UNID
LIMPEZA,MATERIAIS DE PRIMEIRO USO,LIMP LUVA NITRILICA CAIXA/100 (UNID),LIMP LUVA NITRILICA CAIXA/100,2,UNID
LIMPEZA,MATERIAIS DE PRIMEIRO USO,LIMP PAPEL HIGIENICO CAIXA (UNID),LIMP PAPEL HIGIENICO CAIXA,2,UNID
LIMPEZA,MATERIAIS DE PRIMEIRO USO,LIMP PAPEL HIGIENICO CLIENTE CAIXA (UNID),LIMP PAPEL HIGIENICO CLIENTE CAIXA,2,UNID
LIMPEZA,MATERIAIS DE PRIMEIRO USO,LIMP PAPEL TOALHA INTERFOLHADO CAIXA (UNID),LIMP PAPEL TOALHA INTERFOLHADO CAIXA,2,UNID
LIMPEZA,MATERIAIS DE PRIMEIRO USO,LIMP PAPEL TOALHA ROLO CAIXA (UNID),LIMP PAPEL TOALHA ROLO CAIXA,2,UNID
LIMPEZA,MATERIAIS DE PRIMEIRO USO,LIMP PERFEX (UNID),LIMP PERFEX,2,UNID
LIMPEZA,MATERIAIS DE PRIMEIRO USO,LIMP SABONETE BACT 5L (UNID),LIMP SABONETE BACT 5L,1,UNID
LIMPEZA,MATERIAIS DE PRIMEIRO USO,LIMP SABONETE ERVA DOCE CLIENTE 5L (UNID),LIMP SABONETE ERVA DOCE CLIENTE 5L,1,UNID
LIMPEZA,MATERIAIS DE PRIMEIRO USO,LIMP SACO ALVEJADO (UNID),LIMP SACO ALVEJADO,5,UNID
LIMPEZA,MATERIAIS DE PRIMEIRO USO,LIMP SACO LIXO 100 FD/100 (UNID),LIMP SACO LIXO 100 FD/100,2,UNID
LIMPEZA,MATERIAIS DE PRIMEIRO USO,LIMP SACO LIXO 200 FD/100 (UNID),LIMP SACO LIXO 200 FD/100,2,UNID
LIMPEZA,MATERIAIS DE PRIMEIRO USO,LIMP SACO LIXO 40 FD/100 (UNID),LIMP SACO LIXO 40 FD/100,1,UNID
LIMPEZA,MATERIAIS DE PRIMEIRO USO,LIMP SECANTE MAQUINA 20L (UNID),LIMP SECANTE MAQUINA 20L,1,UNID
LIMPEZA,MATERIAIS DE PRIMEIRO USO,LIMP TOUCA PACOTE (UNID),LIMP TOUCA PACOTE,4,UNID
PARRILLA,CONGELADA,MP PAO FRANCES (UNID),MP PAO FRANCES,60,UNID
PARRILLA,CONGELADA,PROD BACON FATIAS (KG),PROD BACON FATIAS,4,KG
PARRILLA,CONGELADA,PROD MANTEIGA DE ERVAS (KG),PROD MANTEIGA DE ERVAS,3,KG
PARRILLA,CONGELADA,PROD MOLHO GORGONZOLA (KG),PROD MOLHO GORGONZOLA,2.1,KG
PARRILLA,CONGELADA,PROD PASTRAMI FATIADO (KG),PROD PASTRAMI FATIADO,2,KG
PARRILLA,CONGELADA,PROD PROVOLETA (UNID),PROD PROVOLETA,14,UNID
PARRILLA,MATERIAIS DE PRIMEIRO USO,APV FOGO GEL PARRILLA (UNID),APV FOGO GEL PARRILLA,1,UNID
PARRILLA,REFRIGERADA,MP QUEIJO CHEDDAR FATIADO (KG),MP QUEIJO CHEDDAR FATIADO,8.16,KG
PARRILLA,REFRIGERADA,PROD CEBOLA CARAMELIZADA (KG),PROD CEBOLA CARAMELIZADA,2.4,KG
PARRILLA,REFRIGERADA,PROD GELEIA DE BACON (KG),PROD GELEIA DE BACON,2,KG
PARRILLA,REFRIGERADA,PROD MOLHO AIOLI (KG),PROD MOLHO AIOLI,5.6,KG
PARRILLA,REFRIGERADA,PROD MOLHO BBQ DA CASA (KG),PROD MOLHO BBQ DA CASA,10.5,KG
PARRILLA,REFRIGERADA,PROD MOLHO PESTO DE ERVAS (KG),PROD MOLHO PESTO DE ERVAS,6,KG
PARRILLA,SECOS,MP BLACK RUB (KG),MP BLACK RUB,1,KG
PARRILLA,SECOS,MP OREGANO (KG),MP OREGANO,1,KG
PARRILLA,SECOS,MP PAO BRIOCHE (UNID),MP PAO BRIOCHE,162,UNID
PARRILLA,SECOS,MP SAL ROSA (KG),MP SAL ROSA,2,KG
PARRILLA,SECOS,PROD TEMPERO CHIMICHURRI (KG),PROD TEMPERO CHIMICHURRI,3,KG
SECOS,MATERIAIS DE PRIMEIRO USO,APV ESPETO ROBATA PACOTE (UNID),APV ESPETO ROBATA PACOTE,3,UNID
SECOS,MATERIAIS DE PRIMEIRO USO,APV ETIQUETA DE PRODUTO MANIPULADO (UNID),APV ETIQUETA DE PRODUTO MANIPULADO,6,UNID
SECOS,MATERIAIS DE PRIMEIRO USO,APV GAS DE MACARICO (UNID),APV GAS DE MACARICO,8,UNID
SECOS,MATERIAIS DE PRIMEIRO USO,APV PAPEL ALUMINIO (UNID),APV PAPEL ALUMINIO,8,UNID
SECOS,MATERIAIS DE PRIMEIRO USO,APV PAPEL MANTEIGA FARDO (UNID),APV PAPEL MANTEIGA FARDO,2,UNID
SECOS,MATERIAIS DE PRIMEIRO USO,APV SAQUINHO CRISPY 10X15 PACOTE (UNID),APV SAQUINHO CRISPY 10X15 PACOTE,1,UNID
SECOS,MATERIAIS DE PRIMEIRO USO,EMB POTE PRODUCAO 1000ML (UNID),EMB POTE PRODUCAO 1000ML,48,UNID
SECOS,MATERIAIS DE PRIMEIRO USO,EMB SACO BOBINADO G ROLO (UNID),EMB SACO BOBINADO G ROLO,2,UNID
SECOS,MATERIAIS DE PRIMEIRO USO,EMB SACO BOBINADO M ROLO (UNID),EMB SACO BOBINADO M ROLO,3,UNID
SECOS,MATERIAIS DE PRIMEIRO USO,EMB VACUO 20X30 (UNID),EMB VACUO 20X30,20,UNID
SECOS,SECOS,FUNCIONARIO CAFE (KG),FUNCIONARIO CAFE,4,KG
SECOS,SECOS,FUNCIONARIO FEIJAO (KG),FUNCIONARIO FEIJAO,20,KG
SECOS,SECOS,FUNCIONARIO MACARRAO (KG),FUNCIONARIO MACARRAO,11,KG
SECOS,SECOS,MP ACUCAR REFINADO (KG),MP ACUCAR REFINADO,5,KG
SECOS,SECOS,MP ALCAPARRONES (KG),MP ALCAPARRONES,1,KG
SECOS,SECOS,MP ALGA NORI (KG),MP ALGA NORI,1.2600000000000002,KG
SECOS,SECOS,MP ALHO FRITO (KG),MP ALHO FRITO,2,KG
SECOS,SECOS,MP AMIDO DE MILHO (KG),MP AMIDO DE MILHO,1,KG
SECOS,SECOS,MP ARROZ ITALIANO (KG),MP ARROZ ITALIANO,90,KG
SECOS,SECOS,MP ARROZ SUSHI (KG),MP ARROZ SUSHI,60,KG
SECOS,SECOS,MP AZEITE EXTRA VIRGEM (LITRO),MP AZEITE EXTRA VIRGEM,15,LITRO
SECOS,SECOS,MP AZEITE EXTRA VIRGEM PAGANINE (LITRO),MP AZEITE EXTRA VIRGEM PAGANINE,6,LITRO
SECOS,SECOS,MP AZEITE TRUFADO (LITRO),MP AZEITE TRUFADO,2.75,LITRO
SECOS,SECOS,MP CANELA EM PO (KG),MP CANELA EM PO,0.5,KG
SECOS,SECOS,MP CASTANHA DE CAJU XEREM (KG),MP CASTANHA DE CAJU XEREM,1,KG
SECOS,SECOS,MP CHAMPIGNON CONSERVA (KG),MP CHAMPIGNON CONSERVA,4,KG
SECOS,SECOS,MP CREME AVELA (KG),MP CREME AVELA,3,KG
SECOS,SECOS,MP CREME DE LEITE (KG),MP CREME DE LEITE,25,KG
SECOS,SECOS,MP DOCE DE LEITE ARGENTINO (KG),MP DOCE DE LEITE ARGENTINO,28.8,KG
SECOS,SECOS,MP EXTRATO DE TOMATE (KG),MP EXTRATO DE TOMATE,4,KG
SECOS,SECOS,MP FARINHA BAIANA FLOCADA (KG),MP FARINHA BAIANA FLOCADA,50,KG
SECOS,SECOS,MP FARINHA DE TRIGO (KG),MP FARINHA DE TRIGO,14,KG
SECOS,SECOS,MP FARINHA PANKO (KG),MP FARINHA PANKO,7,KG
SECOS,SECOS,MP FARINHA PERNAMBUCANA AMARELA (KG),MP FARINHA PERNAMBUCANA AMARELA,50,KG
SECOS,SECOS,MP GENGIBRE EM CONSERVA (KG),MP GENGIBRE EM CONSERVA,9,KG
SECOS,SECOS,MP GERGELIM BRANCO (KG),MP GERGELIM BRANCO,4,KG
SECOS,SECOS,MP GERGELIM PRETO (KG),MP GERGELIM PRETO,2,KG
SECOS,SECOS,"MP GORDURA VEGETAL BALDE 14,5KG (UNID)","MP GORDURA VEGETAL BALDE 14,5KG",10,UNID
SECOS,SECOS,MP HONDASHI (KG),MP HONDASHI,3,KG
SECOS,SECOS,MP LEITE EM PO (KG),MP LEITE EM PO,2.4,KG
SECOS,SECOS,MP LEITE INTEGRAL (LITRO),MP LEITE INTEGRAL,5,LITRO
SECOS,SECOS,MP MACARRAO LINGUINE (KG),MP MACARRAO LINGUINE,20,KG
SECOS,SECOS,MP MACARRAO YAKISSOBA (KG),MP MACARRAO YAKISSOBA,20,KG
SECOS,SECOS,MP MAIONESE (KG),MP MAIONESE,2,KG
SECOS,SECOS,MP MANTEIGA DE GARRAFA (LITRO),MP MANTEIGA DE GARRAFA,2.4,LITRO
SECOS,SECOS,MP MISSO (KG),MP MISSO,4,KG
SECOS,SECOS,MP MOLHO SHOYU HINOMOTO (LITRO),MP MOLHO SHOYU HINOMOTO,40,LITRO
SECOS,SECOS,MP MOLHO SHOYU KIKKOMAN (LITRO),MP MOLHO SHOYU KIKKOMAN,40,LITRO
SECOS,SECOS,MP MOLHO SHOYU LIGHT (LITRO),MP MOLHO SHOYU LIGHT,40,LITRO
SECOS,SECOS,MP MOSTARDA GRAOS LANCIENNE (KG),MP MOSTARDA GRAOS LANCIENNE,1,KG
SECOS,SECOS,MP OLEO DE GERGELIM (LITRO),MP OLEO DE GERGELIM,4,LITRO
SECOS,SECOS,MP OLEO DE SOJA (LITRO),MP OLEO DE SOJA,36,LITRO
SECOS,SECOS,MP OVO (UNID),MP OVO,1440,UNID
SECOS,SECOS,MP PACOCA (KG),MP PACOCA,2,KG
SECOS,SECOS,MP PALMITO FATIADO EM CONSERVA (KG),MP PALMITO FATIADO EM CONSERVA,7,KG
SECOS,SECOS,MP PIMENTA REINO EM GRAO (KG),MP PIMENTA REINO EM GRAO,0.5,KG
SECOS,SECOS,MP PIMENTA TABASCO (LITRO),MP PIMENTA TABASCO,1.3199999999999998,LITRO
SECOS,SECOS,MP QUINOA GRAO (KG),MP QUINOA GRAO,6,KG
SECOS,SECOS,MP SAL REFINADO (KG),MP SAL REFINADO,10,KG
SECOS,SECOS,MP TEMPURA (KG),MP TEMPURA,3.5,KG
SECOS,SECOS,MP TONKATSU (LITRO),MP TONKATSU,5,LITRO
SECOS,SECOS,MP VINAGRE DE MACA (LITRO),MP VINAGRE DE MACA,0,LITRO
SECOS,SECOS,MP VINAGRE DE VINHO TINTO (LITRO),MP VINAGRE DE VINHO TINTO,3,LITRO
SECOS,SECOS,PROD CESTINHA DE HARUMAKI (UNID),PROD CESTINHA DE HARUMAKI,960,UNID
SECOS,SECOS,PROD SAL ROSA TEMPERADO (KG),PROD SAL ROSA TEMPERADO,2,KG
SUSHI,CONGELADA,MP BIT SALMAO DEFUMADO (KG),MP BIT SALMAO DEFUMADO,5,KG
SUSHI,CONGELADA,MP OVAS BLACK (KG),MP OVAS BLACK,1,KG
SUSHI,CONGELADA,MP OVAS ORANGE (KG),MP OVAS ORANGE,1,KG
SUSHI,CONGELADA,MP POLVO (KG),MP POLVO,2,KG
SUSHI,CONGELADA,PROD CAMARAO NIGUIRI (UNID),PROD CAMARAO NIGUIRI,200,UNID
SUSHI,CONGELADA,PROD GELEIA DE MARACUJA (KG),PROD GELEIA DE MARACUJA,7,KG
SUSHI,CONGELADA,PROD GELEIA DE PIMENTA (KG),PROD GELEIA DE PIMENTA,6,KG
SUSHI,CONGELADA,PROD GELEIA FRUTAS VERMELHAS (KG),PROD GELEIA FRUTAS VERMELHAS,4,KG
SUSHI,CONGELADA,PROD LEITE DE TIGRE (LITRO),PROD LEITE DE TIGRE,8,LITRO
SUSHI,CONGELADA,PROD LULA MARINADA (KG),PROD LULA MARINADA,15,KG
SUSHI,REFRIGERADA,MP QUEIJO BRIE (KG),MP QUEIJO BRIE,0,KG
SUSHI,REFRIGERADA,MP QUEIJO COALHO (KG),MP QUEIJO COALHO,3,KG
SUSHI,REFRIGERADA,PROD MOLHO TERIAKI (KG),PROD MOLHO TERIAKI,18.2,KG
SUSHI,SECOS,MP ACETO BALSAMICO (LITRO),MP ACETO BALSAMICO,2,LITRO
SUSHI,SECOS,MP AJINOMOTO GLUTAMATO (KG),MP AJINOMOTO GLUTAMATO,1,KG
SUSHI,SECOS,MP ALECRIM DESIDRATADO (KG),MP ALECRIM DESIDRATADO,0.5,KG
SUSHI,SECOS,MP FLOR DE SAL (KG),MP FLOR DE SAL,0.35,KG
SUSHI,SECOS,MP MEL SILVESTRE (KG),MP MEL SILVESTRE,1,KG
SUSHI,SECOS,MP MOLHO DE OSTRA VEGETARIANO (LITRO),MP MOLHO DE OSTRA VEGETARIANO,2,LITRO
SUSHI,SECOS,MP MOSTARDA AMARELA EM GRAOS (KG),MP MOSTARDA AMARELA EM GRAOS,1,KG
SUSHI,SECOS,MP NOZES S CASCA (KG),MP NOZES S CASCA,0.5,KG
SUSHI,SECOS,MP PASTA TAMARINDO (KG),MP PASTA TAMARINDO,2.88,KG
SUSHI,SECOS,MP PIMENTA SRIRACHA (LITRO),MP PIMENTA SRIRACHA,2,LITRO
SUSHI,SECOS,MP RAPADURA (KG),MP RAPADURA,3,KG
SUSHI,SECOS,MP SAKE MIRIN (L),MP SAKE MIRIN,5,LITRO
SUSHI,SECOS,MP SALSA DESIDRATADA (KG),MP SALSA DESIDRATADA,0.5,KG
SUSHI,SECOS,MP TEMPERO P SUSHI (LITRO),MP TEMPERO P SUSHI,5,LITRO
SUSHI,SECOS,MP TOMILHO DESIDRATADO (KG),MP TOMILHO DESIDRATADO,0.5,KG
SUSHI,SECOS,MP TORTILLA CHIPS (KG),MP TORTILLA CHIPS,1.08,KG
SUSHI,SECOS,MP WASABI (KG),MP WASABI,1,KG
BAR,BEBIDAS,LONGNECK STELLA PURE GOLD (UNID),LONGNECK STELLA PURE GOLD,48,UNID
VINHOS,BEBIDAS,ESP 1913 BRUT BRANCO 1/4 (UNID),ESP 1913 BRUT BRANCO 1/4,6,UNID
VINHOS,BEBIDAS,ESP 1913 BRUT ROSE 1/4 (UNID),ESP 1913 BRUT ROSE 1/4,6,UNID
VINHOS,BEBIDAS,ESP 1913 SPARKLING BRANCO (UNID),ESP 1913 SPARKLING BRANCO,8,UNID
VINHOS,BEBIDAS,ESP 1913 SPARKLING BRUT ROSE (UNID),ESP 1913 SPARKLING BRUT ROSE,6,UNID
VINHOS,BEBIDAS,ESP VULCANICI BRUT ROSE (UNID),ESP VULCANICI BRUT ROSE,4,UNID
VINHOS,BEBIDAS,VB ALEIXO GARCIA BRANCO 250ML (UNID),VB ALEIXO GARCIA BRANCO 250ML,10,UNID
VINHOS,BEBIDAS,VB ALEIXO RESERVA BAIRRADA DOC (UNID),VB ALEIXO RESERVA BAIRRADA DOC,3,UNID
VINHOS,BEBIDAS,VB ANDRE GOICHOT (UNID),VB ANDRE GOICHOT,2,UNID
VINHOS,BEBIDAS,VB CAMINITO TORRONTES BRANCO (UNID),VB CAMINITO TORRONTES BRANCO,8,UNID
VINHOS,BEBIDAS,VB CATENA ZAPATA CHARDONNAY (UNID),VB CATENA ZAPATA CHARDONNAY,2,UNID
VINHOS,BEBIDAS,VB CHAKA CHARDONNAY (UNID),VB CHAKA CHARDONNAY,6,UNID
VINHOS,BEBIDAS,VB COLLEZIONE PINOT GRIGIO (UNID),VB COLLEZIONE PINOT GRIGIO,4,UNID
VINHOS,BEBIDAS,VB JEAN BOUSQUET CHARDONNAY (UNID),VB JEAN BOUSQUET CHARDONNAY,6,UNID
VINHOS,BEBIDAS,VB MALACARA CHARDONNAY (UNID),VB MALACARA CHARDONNAY,6,UNID
VINHOS,BEBIDAS,VB TOSCANINI CLASSIC (UNID),VB TOSCANINI CLASSIC,8,UNID
VINHOS,BEBIDAS,VR CUVEE SIDOINE (UNID),VR CUVEE SIDOINE,3,UNID
VINHOS,BEBIDAS,VR LOVE PINK ROSE (UNID),VR LOVE PINK ROSE,4,UNID
VINHOS,BEBIDAS,VR MONTEIRO TORRES ROSADO (UNID),VR MONTEIRO TORRES ROSADO,4,UNID
VINHOS,BEBIDAS,VR STATE SPRING 4 ESTACIONES ROSE (UNID),VR STATE SPRING 4 ESTACIONES ROSE,6,UNID
VINHOS,BEBIDAS,VT ALEIXO GARCIA TINTO (UNID),VT ALEIXO GARCIA TINTO,6,UNID
VINHOS,BEBIDAS,VT ALEIXO GARCIA TINTO 250ML (UNID),VT ALEIXO GARCIA TINTO 250ML,10,UNID
VINHOS,BEBIDAS,VT ANGELICA ZAPATA (UNID),VT ANGELICA ZAPATA,2,UNID
VINHOS,BEBIDAS,VT CAMINITO CABERNET TINTO (UNID),VT CAMINITO CABERNET TINTO,8,UNID
VINHOS,BEBIDAS,VT CAMINITO MALBEC TINTO (UNID),VT CAMINITO MALBEC TINTO,16,UNID
VINHOS,BEBIDAS,VT CARTUXA COLHEITA (UNID),VT CARTUXA COLHEITA,4,UNID
VINHOS,BEBIDAS,VT CATENA ZAPATA (UNID),VT CATENA ZAPATA,2,UNID
VINHOS,BEBIDAS,VT CHAKA CABERNET (UNID),VT CHAKA CABERNET,5,UNID
VINHOS,BEBIDAS,VT CHAKA CARMENERE (UNID),VT CHAKA CARMENERE,5,UNID
VINHOS,BEBIDAS,VT COLLEZIONE PRIMITIVO (UNID),VT COLLEZIONE PRIMITIVO,3,UNID
VINHOS,BEBIDAS,VT DONOSO GROUP SATE CABERNET (UNID),VT DONOSO GROUP SATE CABERNET,5,UNID
VINHOS,BEBIDAS,VT ESPERANCA ALENTEJO (UNID),VT ESPERANCA ALENTEJO,5,UNID
VINHOS,BEBIDAS,VT FESTIVO MALBEC (UNID),VT FESTIVO MALBEC,4,UNID
VINHOS,BEBIDAS,VT JEAN BOUSQUET MALBEC (UNID),VT JEAN BOUSQUET MALBEC,5,UNID
VINHOS,BEBIDAS,VT LE PETIT MAYNNE BORDEAUX (UNID),VT LE PETIT MAYNNE BORDEAUX,2,UNID
VINHOS,BEBIDAS,VT MALACARA BONARDA (UNID),VT MALACARA BONARDA,4,UNID
VINHOS,BEBIDAS,VT MALACARA MALBEC (UNID),VT MALACARA MALBEC,4,UNID
VINHOS,BEBIDAS,VT PACHA RESERVA MERLOT (UNID),VT PACHA RESERVA MERLOT,2,UNID
VINHOS,BEBIDAS,VT PELLERITI RESERVE MALBEC SIGNATURE (UNID),VT PELLERITI RESERVE MALBEC SIGNATURE,2,UNID
VINHOS,BEBIDAS,VT PETITE FLEUR (UNID),VT PETITE FLEUR,2,UNID
VINHOS,BEBIDAS,VT QUEDATE CABERNET SAUVIGNON (UNID),VT QUEDATE CABERNET SAUVIGNON,4,UNID
VINHOS,BEBIDAS,VT QUINTA DA LACEIRA DOURO (UNID),VT QUINTA DA LACEIRA DOURO,2,UNID
VINHOS,BEBIDAS,VT ROSSO TOSCANA IGT IMPAZZIMENTO (UNID),VT ROSSO TOSCANA IGT IMPAZZIMENTO,2,UNID
VINHOS,BEBIDAS,VT STATE AUTUMN 4 ESTACIONES MALBEC (UNID),VT STATE AUTUMN 4 ESTACIONES MALBEC,5,UNID
VINHOS,BEBIDAS,VT TOSCANINI CLASSIC TANNAT (UNID),VT TOSCANINI CLASSIC TANNAT,5,UNID
VINHOS,BEBIDAS,VT URBAIN V COTES DU RHONE AOC (UNID),VT URBAIN V COTES DU RHONE AOC,0,UNID
VINHOS,BEBIDAS,VT YLLERA ROBLE D.O CASTILLA Y LEON (UNID),VT YLLERA ROBLE D.O CASTILLA Y LEON,2,UNID
